ItemName,Price
NESCAFE GOLD Original 200g,RM29.90
Nescafe Gold Decaf 100gm,RM35.15
NESCAFE Gold Flatwhite 15X20G Free 3Stick,RM21.30
SHOPPA Nescafe Gold Refill Pack - Rich & Smooth | 170g x 2,RM15.00
Nescafe Gold Refill Pack - 170G,RM44.00
NESCAFE GOLD Refill 170g x 2 Packs,RM56.00
"Nescafe Gold Espresso Italian Style Rich with Crema, 100 g Made in UK",RM21.50
Nescafe Gold Refill 170g x 2 packs exp: Mar2022,RM27.90
NESCAFE GOLD REFILL 170g EXP 01/2022,RM49.90
Nescafe Gold Refill Packs (170g x 2 Packs),RM45.00
NESCAFE GOLD Refill 170g,RM42.99
NESCAFE GOLD Refill 170g x2 ( Exp : 2022 Jan ),RM48.50
Nescafé Gold Crema Smooth & Finest 100g - Snacks.MY,RM27.00
Nescafe Gold Blend Refill Pack (170g),RM44.00
NESCAFE GOLD Refill Twin Pack(170g x 2 Packs),RM66.00
NESCAFE GOLD Refill 170g x2 packs,RM22.90
Nescafe Gold Refill Packs (170g x 2 Packs),RM24.90
[READY STOCK] Nestle Nescafe Gold Blend Refill 170g,RM49.00
NESCAFE GOLD Refill (170g),RM59.00
Nescafé Gold Creamy Latte Premix Coffee 12 Sticks x 31g,RM38.00
Nescafe Gold Refill Pack 170g ( Exp 2022 JAN ),RM25.40
NESCAFE GOLD Original 200g,RM26.70
Nescafe Gold Jar 200g,RM42.99
NESCAFE GOLD Jar 200g Exp 2023,RM48.50
NESCAFE GOLD ORIGINS ALTA RICA Coffee Jar 100g,RM51.50
NESCAFE GOLD Dark Latte 12x34g,RM46.00
NESCAFE GOLD ORIGINS CAP COLOMBIA Coffee Sgnt Jar 100g,RM49.00
NESCAFE Gold Rich & Smooth (Glass 200g),RM21.90
Nescafe Gold Blend Jar (200g),RM27.50
Nescafé Gold Dark Latte Premix Coffee 12 Sticks x 31g,RM27.90
NESCAFE GOLD 100G,RM12.99
Nescafe Gold Jar 200g,RM24.90
NESCAFE GOLD Refill 170g x 2 packs,RM29.00
Nescafe Gold Blend Refill 170g,RM28.50
Nescafe Gold Dark Latte 34gm*12's,RM34.99
"Nescafe Gold Creamy Latte 12 Sticks, 33g each",RM35.90
Nescafe GOLD Dark or Creamy Latte 12x 31g,RM35.99
NESCAFE GOLD Dark Latte 31g x12,RM19.50
NESCAFE GOLD Refill 170g x3 packs,RM21.99
SHOPPA Nescafe Gold Refill Pack - Rich & Smooth | 170g,RM10.50
